run_id,treatment_id,algorithm,use_masking,seed,window_size,tail_size,split_id,model_path,trace_file,topology_file,node_file
ppo_001,ppo__mask_false,ppo,False,210169,512,64,physical_job_r70,trained_model/physical_job/210169/ppo/selector/3000000.zip,data/splits/physical_job_dev70.tsv,physical_topology.txt,nodes.csv
ppo_002,ppo__mask_false,ppo,False,16843,512,64,physical_job_r70,trained_model/physical_job/16843/ppo/selector/3000000.zip,data/splits/physical_job_dev70.tsv,physical_topology.txt,nodes.csv
dqn_001,dqn__mask_false,dqn,False,35474,512,64,physical_job_r70,trained_model/physical_job/35474/dqn/selector/3000000.zip,data/splits/physical_job_dev70.tsv,physical_topology.txt,nodes.csv
a2c_001,a2c__mask_false,a2c,False,21095,512,64,physical_job_r70,trained_model/physical_job/21095/a2c/selector/3000000.zip,data/splits/physical_job_dev70.tsv,physical_topology.txt,nodes.csv
maskable_dqn_001,maskable_dqn__mask_true,maskable_dqn,True,210169,512,64,physical_job_r70,trained_model/physical_job/210169/maskable_dqn/selector/3000000.zip,data/splits/physical_job_dev70.tsv,physical_topology.txt,nodes.csv
a2c_002,a2c__mask_false,a2c,False,20603,512,64,physical_job_r70,trained_model/physical_job/20603/a2c/selector/3000000.zip,data/splits/physical_job_dev70.tsv,physical_topology.txt,nodes.csv
dqn_002,dqn__mask_false,dqn,False,20603,512,64,physical_job_r70,trained_model/physical_job/20603/dqn/selector/3000000.zip,data/splits/physical_job_dev70.tsv,physical_topology.txt,nodes.csv
a2c_003,a2c__mask_false,a2c,False,45765,512,64,physical_job_r70,trained_model/physical_job/45765/a2c/selector/3000000.zip,data/splits/physical_job_dev70.tsv,physical_topology.txt,nodes.csv
maskable_dqn_002,maskable_dqn__mask_true,maskable_dqn,True,21095,512,64,physical_job_r70,trained_model/physical_job/21095/maskable_dqn/selector/3000000.zip,data/splits/physical_job_dev70.tsv,physical_topology.txt,nodes.csv
maskable_dqn_003,maskable_dqn__mask_true,maskable_dqn,True,35474,512,64,physical_job_r70,trained_model/physical_job/35474/maskable_dqn/selector/3000000.zip,data/splits/physical_job_dev70.tsv,physical_topology.txt,nodes.csv
a2c_004,a2c__mask_false,a2c,False,170797,512,64,physical_job_r70,trained_model/physical_job/170797/a2c/selector/3000000.zip,data/splits/physical_job_dev70.tsv,physical_topology.txt,nodes.csv
maskable_a2c_001,maskable_a2c__mask_true,maskable_a2c,True,16843,512,64,physical_job_r70,trained_model/physical_job/16843/maskable_a2c/selector/3000000.zip,data/splits/physical_job_dev70.tsv,physical_topology.txt,nodes.csv
ppo_003,ppo__mask_false,ppo,False,170797,512,64,physical_job_r70,trained_model/physical_job/170797/ppo/selector/3000000.zip,data/splits/physical_job_dev70.tsv,physical_topology.txt,nodes.csv
maskable_a2c_002,maskable_a2c__mask_true,maskable_a2c,True,57434,512,64,physical_job_r70,trained_model/physical_job/57434/maskable_a2c/selector/3000000.zip,data/splits/physical_job_dev70.tsv,physical_topology.txt,nodes.csv
maskable_ppo_001,maskable_ppo__mask_true,maskable_ppo,True,21385,512,64,physical_job_r70,trained_model/physical_job/21385/maskable_ppo/selector/3000000.zip,data/splits/physical_job_dev70.tsv,physical_topology.txt,nodes.csv
maskable_a2c_003,maskable_a2c__mask_true,maskable_a2c,True,170797,512,64,physical_job_r70,trained_model/physical_job/170797/maskable_a2c/selector/3000000.zip,data/splits/physical_job_dev70.tsv,physical_topology.txt,nodes.csv
dqn_003,dqn__mask_false,dqn,False,210169,512,64,physical_job_r70,trained_model/physical_job/210169/dqn/selector/3000000.zip,data/splits/physical_job_dev70.tsv,physical_topology.txt,nodes.csv
a2c_005,a2c__mask_false,a2c,False,16843,512,64,physical_job_r70,trained_model/physical_job/16843/a2c/selector/3000000.zip,data/splits/physical_job_dev70.tsv,physical_topology.txt,nodes.csv
dqn_004,dqn__mask_false,dqn,False,35474,512,64,physical_job_r70,trained_model/physical_job/35474/dqn/selector/3000000.zip,data/splits/physical_job_dev70.tsv,physical_topology.txt,nodes.csv
ppo_004,ppo__mask_false,ppo,False,250564,512,64,physical_job_r70,trained_model/physical_job/250564/ppo/selector/3000000.zip,data/splits/physical_job_dev70.tsv,physical_topology.txt,nodes.csv
a2c_006,a2c__mask_false,a2c,False,57434,512,64,physical_job_r70,trained_model/physical_job/57434/a2c/selector/3000000.zip,data/splits/physical_job_dev70.tsv,physical_topology.txt,nodes.csv
dqn_005,dqn__mask_false,dqn,False,45765,512,64,physical_job_r70,trained_model/physical_job/45765/dqn/selector/3000000.zip,data/splits/physical_job_dev70.tsv,physical_topology.txt,nodes.csv
dqn_006,dqn__mask_false,dqn,False,170797,512,64,physical_job_r70,trained_model/physical_job/170797/dqn/selector/3000000.zip,data/splits/physical_job_dev70.tsv,physical_topology.txt,nodes.csv
maskable_dqn_004,maskable_dqn__mask_true,maskable_dqn,True,16843,512,64,physical_job_r70,trained_model/physical_job/16843/maskable_dqn/selector/3000000.zip,data/splits/physical_job_dev70.tsv,physical_topology.txt,nodes.csv
maskable_dqn_005,maskable_dqn__mask_true,maskable_dqn,True,57434,512,64,physical_job_r70,trained_model/physical_job/57434/maskable_dqn/selector/3000000.zip,data/splits/physical_job_dev70.tsv,physical_topology.txt,nodes.csv
maskable_a2c_004,maskable_a2c__mask_true,maskable_a2c,True,21385,512,64,physical_job_r70,trained_model/physical_job/21385/maskable_a2c/selector/3000000.zip,data/splits/physical_job_dev70.tsv,physical_topology.txt,nodes.csv
maskable_ppo_002,maskable_ppo__mask_true,maskable_ppo,True,210169,512,64,physical_job_r70,trained_model/physical_job/210169/maskable_ppo/selector/3000000.zip,data/splits/physical_job_dev70.tsv,physical_topology.txt,nodes.csv
maskable_dqn_006,maskable_dqn__mask_true,maskable_dqn,True,250564,512,64,physical_job_r70,trained_model/physical_job/250564/maskable_dqn/selector/3000000.zip,data/splits/physical_job_dev70.tsv,physical_topology.txt,nodes.csv
maskable_ppo_003,maskable_ppo__mask_true,maskable_ppo,True,21095,512,64,physical_job_r70,trained_model/physical_job/21095/maskable_ppo/selector/3000000.zip,data/splits/physical_job_dev70.tsv,physical_topology.txt,nodes.csv
dqn_007,dqn__mask_false,dqn,False,16843,512,64,physical_job_r70,trained_model/physical_job/16843/dqn/selector/3000000.zip,data/splits/physical_job_dev70.tsv,physical_topology.txt,nodes.csv
a2c_007,a2c__mask_false,a2c,False,250564,512,64,physical_job_r70,trained_model/physical_job/250564/a2c/selector/3000000.zip,data/splits/physical_job_dev70.tsv,physical_topology.txt,nodes.csv
maskable_a2c_005,maskable_a2c__mask_true,maskable_a2c,True,20603,512,64,physical_job_r70,trained_model/physical_job/20603/maskable_a2c/selector/3000000.zip,data/splits/physical_job_dev70.tsv,physical_topology.txt,nodes.csv
dqn_008,dqn__mask_false,dqn,False,57434,512,64,physical_job_r70,trained_model/physical_job/57434/dqn/selector/3000000.zip,data/splits/physical_job_dev70.tsv,physical_topology.txt,nodes.csv
a2c_008,a2c__mask_false,a2c,False,21385,512,64,physical_job_r70,trained_model/physical_job/21385/a2c/selector/3000000.zip,data/splits/physical_job_dev70.tsv,physical_topology.txt,nodes.csv
ppo_005,ppo__mask_false,ppo,False,35474,512,64,physical_job_r70,trained_model/physical_job/35474/ppo/selector/3000000.zip,data/splits/physical_job_dev70.tsv,physical_topology.txt,nodes.csv
maskable_ppo_004,maskable_ppo__mask_true,maskable_ppo,True,45765,512,64,physical_job_r70,trained_model/physical_job/45765/maskable_ppo/selector/3000000.zip,data/splits/physical_job_dev70.tsv,physical_topology.txt,nodes.csv
ppo_006,ppo__mask_false,ppo,False,21095,512,64,physical_job_r70,trained_model/physical_job/21095/ppo/selector/3000000.zip,data/splits/physical_job_dev70.tsv,physical_topology.txt,nodes.csv
ppo_007,ppo__mask_false,ppo,False,45765,512,64,physical_job_r70,trained_model/physical_job/45765/ppo/selector/3000000.zip,data/splits/physical_job_dev70.tsv,physical_topology.txt,nodes.csv
ppo_008,ppo__mask_false,ppo,False,20603,512,64,physical_job_r70,trained_model/physical_job/20603/ppo/selector/3000000.zip,data/splits/physical_job_dev70.tsv,physical_topology.txt,nodes.csv
maskable_dqn_007,maskable_dqn__mask_true,maskable_dqn,True,21385,512,64,physical_job_r70,trained_model/physical_job/21385/maskable_dqn/selector/3000000.zip,data/splits/physical_job_dev70.tsv,physical_topology.txt,nodes.csv
maskable_dqn_008,maskable_dqn__mask_true,maskable_dqn,True,45765,512,64,physical_job_r70,trained_model/physical_job/45765/maskable_dqn/selector/3000000.zip,data/splits/physical_job_dev70.tsv,physical_topology.txt,nodes.csv
maskable_a2c_006,maskable_a2c__mask_true,maskable_a2c,True,35474,512,64,physical_job_r70,trained_model/physical_job/35474/maskable_a2c/selector/3000000.zip,data/splits/physical_job_dev70.tsv,physical_topology.txt,nodes.csv
maskable_ppo_005,maskable_ppo__mask_true,maskable_ppo,True,16843,512,64,physical_job_r70,trained_model/physical_job/16843/maskable_ppo/selector/3000000.zip,data/splits/physical_job_dev70.tsv,physical_topology.txt,nodes.csv
maskable_dqn_009,maskable_dqn__mask_true,maskable_dqn,True,20603,512,64,physical_job_r70,trained_model/physical_job/20603/maskable_dqn/selector/3000000.zip,data/splits/physical_job_dev70.tsv,physical_topology.txt,nodes.csv
maskable_a2c_007,maskable_a2c__mask_true,maskable_a2c,True,210169,512,64,physical_job_r70,trained_model/physical_job/210169/maskable_a2c/selector/3000000.zip,data/splits/physical_job_dev70.tsv,physical_topology.txt,nodes.csv
maskable_ppo_006,maskable_ppo__mask_true,maskable_ppo,True,20603,512,64,physical_job_r70,trained_model/physical_job/20603/maskable_ppo/selector/3000000.zip,data/splits/physical_job_dev70.tsv,physical_topology.txt,nodes.csv
ppo_009,ppo__mask_false,ppo,False,57434,512,64,physical_job_r70,trained_model/physical_job/57434/ppo/selector/3000000.zip,data/splits/physical_job_dev70.tsv,physical_topology.txt,nodes.csv
maskable_a2c_008,maskable_a2c__mask_true,maskable_a2c,True,21095,512,64,physical_job_r70,trained_model/physical_job/21095/maskable_a2c/selector/3000000.zip,data/splits/physical_job_dev70.tsv,physical_topology.txt,nodes.csv
ppo_010,ppo__mask_false,ppo,False,21385,512,64,physical_job_r70,trained_model/physical_job/21385/ppo/selector/3000000.zip,data/splits/physical_job_dev70.tsv,physical_topology.txt,nodes.csv
maskable_ppo_007,maskable_ppo__mask_true,maskable_ppo,True,170797,512,64,physical_job_r70,trained_model/physical_job/170797/maskable_ppo/selector/3000000.zip,data/splits/physical_job_dev70.tsv,physical_topology.txt,nodes.csv
maskable_ppo_008,maskable_ppo__mask_true,maskable_ppo,True,250564,512,64,physical_job_r70,trained_model/physical_job/250564/maskable_ppo/selector/3000000.zip,data/splits/physical_job_dev70.tsv,physical_topology.txt,nodes.csv
maskable_ppo_009,maskable_ppo__mask_true,maskable_ppo,True,57434,512,64,physical_job_r70,trained_model/physical_job/57434/maskable_ppo/selector/3000000.zip,data/splits/physical_job_dev70.tsv,physical_topology.txt,nodes.csv
maskable_a2c_009,maskable_a2c__mask_true,maskable_a2c,True,45765,512,64,physical_job_r70,trained_model/physical_job/45765/maskable_a2c/selector/3000000.zip,data/splits/physical_job_dev70.tsv,physical_topology.txt,nodes.csv
dqn_009,dqn__mask_false,dqn,False,21385,512,64,physical_job_r70,trained_model/physical_job/21385/dqn/selector/3000000.zip,data/splits/physical_job_dev70.tsv,physical_topology.txt,nodes.csv
maskable_a2c_010,maskable_a2c__mask_true,maskable_a2c,True,250564,512,64,physical_job_r70,trained_model/physical_job/250564/maskable_a2c/selector/3000000.zip,data/splits/physical_job_dev70.tsv,physical_topology.txt,nodes.csv
a2c_009,a2c__mask_false,a2c,False,210169,512,64,physical_job_r70,trained_model/physical_job/210169/a2c/selector/3000000.zip,data/splits/physical_job_dev70.tsv,physical_topology.txt,nodes.csv
a2c_010,a2c__mask_false,a2c,False,35474,512,64,physical_job_r70,trained_model/physical_job/35474/a2c/selector/3000000.zip,data/splits/physical_job_dev70.tsv,physical_topology.txt,nodes.csv
maskable_dqn_010,maskable_dqn__mask_true,maskable_dqn,True,170797,512,64,physical_job_r70,trained_model/physical_job/170797/maskable_dqn/selector/3000000.zip,data/splits/physical_job_dev70.tsv,physical_topology.txt,nodes.csv
maskable_ppo_010,maskable_ppo__mask_true,maskable_ppo,True,35474,512,64,physical_job_r70,trained_model/physical_job/35474/maskable_ppo/selector/3000000.zip,data/splits/physical_job_dev70.tsv,physical_topology.txt,nodes.csv
maskable_ppo_011,maskable_ppo__mask_true,maskable_ppo,True,35474,512,64,physical_job_r70,trained_model/physical_job/35474/maskable_ppo/selector/3000000.zip,data/splits/physical_job_dev70.tsv,physical_topology.txt,nodes.csv
dqn_010,dqn__mask_false,dqn,False,250564,512,64,physical_job_r70,trained_model/physical_job/250564/dqn/selector/3000000.zip,data/splits/physical_job_dev70.tsv,physical_topology.txt,nodes.csv
dqn_011,dqn__mask_false,dqn,False,21095,512,64,physical_job_r70,trained_model/physical_job/21095/dqn/selector/3000000.zip,data/splits/physical_job_dev70.tsv,physical_topology.txt,nodes.csv
maskable_ppo_012,maskable_ppo__mask_true,maskable_ppo,True,35474,512,64,deeplearn_job_r70,trained_model/deeplearn_job/35474/maskable_ppo/selector/3000000.zip,data/splits/deeplearn_job_dev70.tsv,deeplearn_topology.txt,nodes.csv
maskable_ppo_013,maskable_ppo__mask_true,maskable_ppo,True,21095,512,64,deeplearn_job_r70,trained_model/deeplearn_job/21095/maskable_ppo/selector/3000000.zip,data/splits/deeplearn_job_dev70.tsv,deeplearn_topology.txt,nodes.csv
maskable_a2c_013,maskable_a2c__mask_true,maskable_a2c,True,250564,512,64,deeplearn_job_r70,trained_model/deeplearn_job/250564/maskable_a2c/selector/3000000.zip,data/splits/deeplearn_job_dev70.tsv,deeplearn_topology.txt,nodes.csv
dqn_012,dqn__mask_false,dqn,False,16843,512,64,deeplearn_job_r70,trained_model/deeplearn_job/16843/dqn/selector/3000000.zip,data/splits/deeplearn_job_dev70.tsv,deeplearn_topology.txt,nodes.csv
a2c_011,a2c__mask_false,a2c,False,210169,512,64,deeplearn_job_r70,trained_model/deeplearn_job/210169/a2c/selector/3000000.zip,data/splits/deeplearn_job_dev70.tsv,deeplearn_topology.txt,nodes.csv
maskable_dqn_013,maskable_dqn__mask_true,maskable_dqn,True,16843,512,64,deeplearn_job_r70,trained_model/deeplearn_job/16843/maskable_dqn/selector/3000000.zip,data/splits/deeplearn_job_dev70.tsv,deeplearn_topology.txt,nodes.csv
a2c_012,a2c__mask_false,a2c,False,21385,512,64,deeplearn_job_r70,trained_model/deeplearn_job/21385/a2c/selector/3000000.zip,data/splits/deeplearn_job_dev70.tsv,deeplearn_topology.txt,nodes.csv
dqn_013,dqn__mask_false,dqn,False,45765,512,64,deeplearn_job_r70,trained_model/deeplearn_job/45765/dqn/selector/3000000.zip,data/splits/deeplearn_job_dev70.tsv,deeplearn_topology.txt,nodes.csv
maskable_dqn_014,maskable_dqn__mask_true,maskable_dqn,True,210169,512,64,deeplearn_job_r70,trained_model/deeplearn_job/210169/maskable_dqn/selector/3000000.zip,data/splits/deeplearn_job_dev70.tsv,deeplearn_topology.txt,nodes.csv
ppo_011,ppo__mask_false,ppo,False,210169,512,64,deeplearn_job_r70,trained_model/deeplearn_job/210169/ppo/selector/3000000.zip,data/splits/deeplearn_job_dev70.tsv,deeplearn_topology.txt,nodes.csv
ppo_012,ppo__mask_false,ppo,False,35474,512,64,deeplearn_job_r70,trained_model/deeplearn_job/35474/ppo/selector/3000000.zip,data/splits/deeplearn_job_dev70.tsv,deeplearn_topology.txt,nodes.csv
maskable_dqn_015,maskable_dqn__mask_true,maskable_dqn,True,21385,512,64,deeplearn_job_r70,trained_model/deeplearn_job/21385/maskable_dqn/selector/3000000.zip,data/splits/deeplearn_job_dev70.tsv,deeplearn_topology.txt,nodes.csv
a2c_013,a2c__mask_false,a2c,False,170797,512,64,deeplearn_job_r70,trained_model/deeplearn_job/170797/a2c/selector/3000000.zip,data/splits/deeplearn_job_dev70.tsv,deeplearn_topology.txt,nodes.csv
maskable_a2c_014,maskable_a2c__mask_true,maskable_a2c,True,20603,512,64,deeplearn_job_r70,trained_model/deeplearn_job/20603/maskable_a2c/selector/3000000.zip,data/splits/deeplearn_job_dev70.tsv,deeplearn_topology.txt,nodes.csv
maskable_dqn_016,maskable_dqn__mask_true,maskable_dqn,True,45765,512,64,deeplearn_job_r70,trained_model/deeplearn_job/45765/maskable_dqn/selector/3000000.zip,data/splits/deeplearn_job_dev70.tsv,deeplearn_topology.txt,nodes.csv
maskable_dqn_017,maskable_dqn__mask_true,maskable_dqn,True,170797,512,64,deeplearn_job_r70,trained_model/deeplearn_job/170797/maskable_dqn/selector/3000000.zip,data/splits/deeplearn_job_dev70.tsv,deeplearn_topology.txt,nodes.csv
maskable_dqn_018,maskable_dqn__mask_true,maskable_dqn,True,250564,512,64,deeplearn_job_r70,trained_model/deeplearn_job/250564/maskable_dqn/selector/3000000.zip,data/splits/deeplearn_job_dev70.tsv,deeplearn_topology.txt,nodes.csv
maskable_a2c_015,maskable_a2c__mask_true,maskable_a2c,True,21095,512,64,deeplearn_job_r70,trained_model/deeplearn_job/21095/maskable_a2c/selector/3000000.zip,data/splits/deeplearn_job_dev70.tsv,deeplearn_topology.txt,nodes.csv
dqn_014,dqn__mask_false,dqn,False,210169,512,64,deeplearn_job_r70,trained_model/deeplearn_job/210169/dqn/selector/3000000.zip,data/splits/deeplearn_job_dev70.tsv,deeplearn_topology.txt,nodes.csv
maskable_a2c_016,maskable_a2c__mask_true,maskable_a2c,True,35474,512,64,deeplearn_job_r70,trained_model/deeplearn_job/35474/maskable_a2c/selector/3000000.zip,data/splits/deeplearn_job_dev70.tsv,deeplearn_topology.txt,nodes.csv
maskable_a2c_017,maskable_a2c__mask_true,maskable_a2c,True,21385,512,64,deeplearn_job_r70,trained_model/deeplearn_job/21385/maskable_a2c/selector/3000000.zip,data/splits/deeplearn_job_dev70.tsv,deeplearn_topology.txt,nodes.csv
maskable_ppo_014,maskable_ppo__mask_true,maskable_ppo,True,16843,512,64,deeplearn_job_r70,trained_model/deeplearn_job/16843/maskable_ppo/selector/3000000.zip,data/splits/deeplearn_job_dev70.tsv,deeplearn_topology.txt,nodes.csv
maskable_ppo_015,maskable_ppo__mask_true,maskable_ppo,True,57434,512,64,deeplearn_job_r70,trained_model/deeplearn_job/57434/maskable_ppo/selector/3000000.zip,data/splits/deeplearn_job_dev70.tsv,deeplearn_topology.txt,nodes.csv
ppo_013,ppo__mask_false,ppo,False,45765,512,64,deeplearn_job_r70,trained_model/deeplearn_job/45765/ppo/selector/3000000.zip,data/splits/deeplearn_job_dev70.tsv,deeplearn_topology.txt,nodes.csv
ppo_014,ppo__mask_false,ppo,False,250564,512,64,deeplearn_job_r70,trained_model/deeplearn_job/250564/ppo/selector/3000000.zip,data/splits/deeplearn_job_dev70.tsv,deeplearn_topology.txt,nodes.csv
dqn_015,dqn__mask_false,dqn,False,21385,512,64,deeplearn_job_r70,trained_model/deeplearn_job/21385/dqn/selector/3000000.zip,data/splits/deeplearn_job_dev70.tsv,deeplearn_topology.txt,nodes.csv
maskable_ppo_016,maskable_ppo__mask_true,maskable_ppo,True,45765,512,64,deeplearn_job_r70,trained_model/deeplearn_job/45765/maskable_ppo/selector/3000000.zip,data/splits/deeplearn_job_dev70.tsv,deeplearn_topology.txt,nodes.csv
a2c_014,a2c__mask_false,a2c,False,35474,512,64,deeplearn_job_r70,trained_model/deeplearn_job/35474/a2c/selector/3000000.zip,data/splits/deeplearn_job_dev70.tsv,deeplearn_topology.txt,nodes.csv
ppo_015,ppo__mask_false,ppo,False,16843,512,64,deeplearn_job_r70,trained_model/deeplearn_job/16843/ppo/selector/3000000.zip,data/splits/deeplearn_job_dev70.tsv,deeplearn_topology.txt,nodes.csv
dqn_016,dqn__mask_false,dqn,False,170797,512,64,deeplearn_job_r70,trained_model/deeplearn_job/170797/dqn/selector/3000000.zip,data/splits/deeplearn_job_dev70.tsv,deeplearn_topology.txt,nodes.csv
maskable_a2c_018,maskable_a2c__mask_true,maskable_a2c,True,170797,512,64,deeplearn_job_r70,trained_model/deeplearn_job/170797/maskable_a2c/selector/3000000.zip,data/splits/deeplearn_job_dev70.tsv,deeplearn_topology.txt,nodes.csv
maskable_dqn_019,maskable_dqn__mask_true,maskable_dqn,True,20603,512,64,deeplearn_job_r70,trained_model/deeplearn_job/20603/maskable_dqn/selector/3000000.zip,data/splits/deeplearn_job_dev70.tsv,deeplearn_topology.txt,nodes.csv
ppo_016,ppo__mask_false,ppo,False,57434,512,64,deeplearn_job_r70,trained_model/deeplearn_job/57434/ppo/selector/3000000.zip,data/splits/deeplearn_job_dev70.tsv,deeplearn_topology.txt,nodes.csv
ppo_017,ppo__mask_false,ppo,False,21095,512,64,deeplearn_job_r70,trained_model/deeplearn_job/21095/ppo/selector/3000000.zip,data/splits/deeplearn_job_dev70.tsv,deeplearn_topology.txt,nodes.csv
ppo_018,ppo__mask_false,ppo,False,20603,512,64,deeplearn_job_r70,trained_model/deeplearn_job/20603/ppo/selector/3000000.zip,data/splits/deeplearn_job_dev70.tsv,deeplearn_topology.txt,nodes.csv
maskable_dqn_020,maskable_dqn__mask_true,maskable_dqn,True,21095,512,64,deeplearn_job_r70,trained_model/deeplearn_job/21095/maskable_dqn/selector/3000000.zip,data/splits/deeplearn_job_dev70.tsv,deeplearn_topology.txt,nodes.csv
maskable_dqn_021,maskable_dqn__mask_true,maskable_dqn,True,35474,512,64,deeplearn_job_r70,trained_model/deeplearn_job/35474/maskable_dqn/selector/3000000.zip,data/splits/deeplearn_job_dev70.tsv,deeplearn_topology.txt,nodes.csv
maskable_ppo_017,maskable_ppo__mask_true,maskable_ppo,True,210169,512,64,deeplearn_job_r70,trained_model/deeplearn_job/210169/maskable_ppo/selector/3000000.zip,data/splits/deeplearn_job_dev70.tsv,deeplearn_topology.txt,nodes.csv
maskable_a2c_019,maskable_a2c__mask_true,maskable_a2c,True,57434,512,64,deeplearn_job_r70,trained_model/deeplearn_job/57434/maskable_a2c/selector/3000000.zip,data/splits/deeplearn_job_dev70.tsv,deeplearn_topology.txt,nodes.csv
maskable_a2c_020,maskable_a2c__mask_true,maskable_a2c,True,16843,512,64,deeplearn_job_r70,trained_model/deeplearn_job/16843/maskable_a2c/selector/3000000.zip,data/splits/deeplearn_job_dev70.tsv,deeplearn_topology.txt,nodes.csv
a2c_015,a2c__mask_false,a2c,False,250564,512,64,deeplearn_job_r70,trained_model/deeplearn_job/250564/a2c/selector/3000000.zip,data/splits/deeplearn_job_dev70.tsv,deeplearn_topology.txt,nodes.csv
maskable_ppo_018,maskable_ppo__mask_true,maskable_ppo,True,170797,512,64,deeplearn_job_r70,trained_model/deeplearn_job/170797/maskable_ppo/selector/3000000.zip,data/splits/deeplearn_job_dev70.tsv,deeplearn_topology.txt,nodes.csv
maskable_a2c_021,maskable_a2c__mask_true,maskable_a2c,True,45765,512,64,deeplearn_job_r70,trained_model/deeplearn_job/45765/maskable_a2c/selector/3000000.zip,data/splits/deeplearn_job_dev70.tsv,deeplearn_topology.txt,nodes.csv
dqn_017,dqn__mask_false,dqn,False,35474,512,64,deeplearn_job_r70,trained_model/deeplearn_job/35474/dqn/selector/3000000.zip,data/splits/deeplearn_job_dev70.tsv,deeplearn_topology.txt,nodes.csv
dqn_018,dqn__mask_false,dqn,False,20603,512,64,deeplearn_job_r70,trained_model/deeplearn_job/20603/dqn/selector/3000000.zip,data/splits/deeplearn_job_dev70.tsv,deeplearn_topology.txt,nodes.csv
maskable_ppo_019,maskable_ppo__mask_true,maskable_ppo,True,250564,512,64,deeplearn_job_r70,trained_model/deeplearn_job/250564/maskable_ppo/selector/3000000.zip,data/splits/deeplearn_job_dev70.tsv,deeplearn_topology.txt,nodes.csv
a2c_016,a2c__mask_false,a2c,False,57434,512,64,deeplearn_job_r70,trained_model/deeplearn_job/57434/a2c/selector/3000000.zip,data/splits/deeplearn_job_dev70.tsv,deeplearn_topology.txt,nodes.csv
ppo_019,ppo__mask_false,ppo,False,21385,512,64,deeplearn_job_r70,trained_model/deeplearn_job/21385/ppo/selector/3000000.zip,data/splits/deeplearn_job_dev70.tsv,deeplearn_topology.txt,nodes.csv
a2c_017,a2c__mask_false,a2c,False,21095,512,64,deeplearn_job_r70,trained_model/deeplearn_job/21095/a2c/selector/3000000.zip,data/splits/deeplearn_job_dev70.tsv,deeplearn_topology.txt,nodes.csv
maskable_a2c_022,maskable_a2c__mask_true,maskable_a2c,True,210169,512,64,deeplearn_job_r70,trained_model/deeplearn_job/210169/maskable_a2c/selector/3000000.zip,data/splits/deeplearn_job_dev70.tsv,deeplearn_topology.txt,nodes.csv
a2c_018,a2c__mask_false,a2c,False,20603,512,64,deeplearn_job_r70,trained_model/deeplearn_job/20603/a2c/selector/3000000.zip,data/splits/deeplearn_job_dev70.tsv,deeplearn_topology.txt,nodes.csv
a2c_019,a2c__mask_false,a2c,False,45765,512,64,deeplearn_job_r70,trained_model/deeplearn_job/45765/a2c/selector/3000000.zip,data/splits/deeplearn_job_dev70.tsv,deeplearn_topology.txt,nodes.csv
maskable_dqn_022,maskable_dqn__mask_true,maskable_dqn,True,57434,512,64,deeplearn_job_r70,trained_model/deeplearn_job/57434/maskable_dqn/selector/3000000.zip,data/splits/deeplearn_job_dev70.tsv,deeplearn_topology.txt,nodes.csv
dqn_019,dqn__mask_false,dqn,False,250564,512,64,deeplearn_job_r70,trained_model/deeplearn_job/250564/dqn/selector/3000000.zip,data/splits/deeplearn_job_dev70.tsv,deeplearn_topology.txt,nodes.csv
maskable_ppo_020,maskable_ppo__mask_true,maskable_ppo,True,20603,512,64,deeplearn_job_r70,trained_model/deeplearn_job/20603/maskable_ppo/selector/3000000.zip,data/splits/deeplearn_job_dev70.tsv,deeplearn_topology.txt,nodes.csv
a2c_020,a2c__mask_false,a2c,False,16843,512,64,deeplearn_job_r70,trained_model/deeplearn_job/16843/a2c/selector/3000000.zip,data/splits/deeplearn_job_dev70.tsv,deeplearn_topology.txt,nodes.csv
dqn_020,dqn__mask_false,dqn,False,21095,512,64,deeplearn_job_r70,trained_model/deeplearn_job/21095/dqn/selector/3000000.zip,data/splits/deeplearn_job_dev70.tsv,deeplearn_topology.txt,nodes.csv
maskable_ppo_021,maskable_ppo__mask_true,maskable_ppo,True,21385,512,64,deeplearn_job_r70,trained_model/deeplearn_job/21385/maskable_ppo/selector/3000000.zip,data/splits/deeplearn_job_dev70.tsv,deeplearn_topology.txt,nodes.csv
ppo_020,ppo__mask_false,ppo,False,170797,512,64,deeplearn_job_r70,trained_model/deeplearn_job/170797/ppo/selector/3000000.zip,data/splits/deeplearn_job_dev70.tsv,deeplearn_topology.txt,nodes.csv
dqn_021,dqn__mask_false,dqn,False,57434,512,64,deeplearn_job_r70,trained_model/deeplearn_job/57434/dqn/selector/3000000.zip,data/splits/deeplearn_job_dev70.tsv,deeplearn_topology.txt,nodes.csv
